{"is_source_file": true, "format": "HTML", "description": "This is an HTML file that implements the front-end interface for a database viewer application, providing UI components, styling, and embedded JavaScript for dynamic interactions with databases and tables.", "external_files": ["<link> (none explicitly, but references to external CSS or JS generally)"], "external_methods": ["fetch (JavaScript fetch API)"], "published": [], "classes": [], "methods": [{"name": "loadDatabases", "description": "Fetches the list of databases and populates the sidebar."}, {"name": "refreshDatabases", "description": "Refreshes the list of databases and resets selection."}, {"name": "toggleDatabase", "description": "Expands or collapses a database to show its tables."}, {"name": "loadTables", "description": "Fetches and displays tables for a selected database."}, {"name": "loadTableData", "description": "Fetches data for a selected table and renders it."}, {"name": "renderTable", "description": "Generates HTML for table data display."}, {"name": "renderCell", "description": "Renders individual cell content based on data type and length."}, {"name": "expandCell", "description": "Expands or collapses cell content that exceeds default display size or contains objects."}], "calls": ["fetch('/api/databases')", "fetch(`/api/${db}/tables`)", "fetch(`/api/${db}/tables/${tableName}/data?limit=50`)"], "search-terms": ["database viewer", "HTML UI", "embedded JavaScript", "database list", "table data display", "responsive grid", "expandable cells", "null value display"], "state": 2, "file_id": 3, "knowledge_revision": 13, "git_revision": "8738d0d3d9061ef3dbf0b380df5e4597f6a11bf6", "hash": "ee63333a4841bf025439c755a74c9881", "format-version": 4, "code-base-name": "database", "filename": "database/db_visualizer/public/index.html", "revision_history": [{"13": "8738d0d3d9061ef3dbf0b380df5e4597f6a11bf6"}]}