{"is_source_file": true, "format": "bash script", "description": "This script automates the backup process for various databases (SQLite, PostgreSQL, MySQL, MongoDB). It detects which database is running and executes the appropriate backup commands, saving backups to specific files.", "external_files": ["/usr/lib/postgresql/", "/var/run/mysqld/mysqld.sock"], "external_methods": ["ls", "cp", "sudo", "mysqladmin", "mysql", "mysqldump", "mongosh", "mongodump"], "published": [], "classes": [], "methods": [], "calls": ["ls", "cp", "sudo -u postgres pg_isready", "sudo mysqladmin ping --socket", "mysqladmin ping", "mysql", "mysqldump", "mongosh", "mongodump"], "search-terms": ["backup", "database", "SQLite", "PostgreSQL", "MySQL", "MongoDB", "bash script", "database backup automation"], "state": 2, "file_id": 6, "knowledge_revision": 14, "git_revision": "8738d0d3d9061ef3dbf0b380df5e4597f6a11bf6", "hash": "d7da372b768c895a33088027314656c3", "format-version": 4, "code-base-name": "database", "filename": "database/backup_db.sh", "revision_history": [{"14": "8738d0d3d9061ef3dbf0b380df5e4597f6a11bf6"}]}